t_ms,ax,ay,az
11,0.007173217663256161,0.02528227097803544,1.0001759310558358
22,0.006230679104364718,0.022665626407902338,1.006901729991646
31,0.0008266484726150512,0.012296782072633884,0.9904453012333331
40,0.0017266038855345781,0.015502317116771146,1.0140489670396846
49,0.0009913449343058232,0.023289855993583335,0.9997284266778316
59,0.008341317971405297,0.021593492271733492,0.9856205419595643
68,0.008821239724779554,0.02050957240309325,0.9990010088739588
78,-0.002934996709746022,0.02206268960155523,1.0048877411888044
89,0.0028740940445307547,0.013631951945227622,1.007684735154697
100,0.006454428016982882,0.015640456230337454,0.9923046631001787
110,0.007013851376475136,0.019747213192198916,1.0110615220838355
120,0.0004457863840222273,0.025183560423632418,0.9924157169798427
130,0.009838380724812098,0.012863804509896534,0.9917954875018392
140,0.011930545354416682,0.018701305906704747,1.010847411134536
149,0.006184423281386829,0.022042027659090725,0.9925427131316178
160,0.010559959308472623,0.009784308709096013,0.9923328913503332
170,0.01279580440966365,0.01721176871181832,0.9972176705037286
181,0.021872113551712452,0.011193474335358881,0.9957219496526372
190,0.005359820875972298,0.01399463011849958,0.9996678846263506
200,0.0211755692701542,0.00920142535695214,0.9987786065647813
209,0.013795715450860915,0.006198692918914736,1.012217464346719
220,0.01852797847054361,0.02013267946863536,0.9797546511485861
231,0.017266109988383287,0.018478013454816394,1.014481016868281
240,0.01640776625380158,0.01575287018105498,1.012595570688223
251,0.014422653651327586,0.01075349374438281,1.0164193621622393
262,0.01113023974912791,0.013415131843635884,0.9965520667065637
272,0.018862677394202762,0.00928742938823959,1.008710863810424
283,0.0249669099053349,0.01417190991335971,0.997853343305677
292,0.01842678927009514,0.01449873431760828,0.9900721584928864
301,0.00935810628245388,0.014226307779092541,0.9969375498021879
310,0.0276113000554603,0.005902195826732619,1.0057878569144205
319,0.019305070105746096,0.010001566788867367,0.9823548878285302
330,0.03519901250974973,0.0047232765129801004,0.9850470022689174
339,0.014047825595389819,0.0055503646386056964,0.9999563570718094
350,0.026699835056379854,0.01849711428027933,1.0056168663878478
359,0.010013949804474257,0.014083318053615571,0.988087942154974
370,0.014657049427129289,0.0035697384109444085,1.0061989712232045
380,0.02487449206133225,0.011265584548862482,0.9778243170693915
391,0.036650882419007755,0.005124002894393042,1.006203496510288
400,0.02347725187663071,0.0014011786280919759,1.0103757049401996
411,0.012645193074950933,0.002646508860300497,0.9781785331938497
421,0.021652383536435404,0.004911801794063244,0.9924676273025872
430,0.016031310115437084,-0.006303744219200942,0.99239941705621
441,0.016058675740850677,0.003871533789515016,1.0171687058754768
452,0.012136418424525291,0.004076401529975786,0.9954811911354293
461,0.010159583999500003,-0.001997573860752762,0.9950821669925244
470,0.02181582331841095,-0.0019544661266439308,1.000013762158163
480,0.027000032116609504,-0.0019454188184631971,1.0065653294679093
489,0.01935784893426508,-0.0019429415895439715,0.9992423177192588
500,0.01965328912381674,-0.0055701704986144155,1.0011129547997024
509,0.021362614921498966,0.00812699328945039,0.989137444404816
520,0.01902274333308238,0.0009421280363198226,1.0171851488313384
530,0.012931088663052974,-0.012595761770696833,0.9988452457479485
541,0.020402349743631653,-0.005524994253479415,1.0082958729711853
552,0.01854198841749879,-0.00556440769696204,1.0052413320278815
563,0.021086386453781435,-0.008825153798308144,0.9968578821436876
572,0.025756236801402987,-0.010146756095141339,0.989445099582452
583,0.012615633038034807,-0.002507873184749495,0.9931531195595744
593,0.009156215955419754,-0.01758597344797358,0.9936706486135815
603,0.015504268830567644,-7.929342514655796e-07,0.9930875269616746
614,0.002057476725008365,-0.007358429449531333,1.0017390961970993
625,0.01034845237524392,-0.011315901700697142,1.0069869382504624
634,0.015088139085923453,-0.00975338299917059,0.9807672666035259
645,0.0035740193015020814,-0.014590557904836293,0.9924654482501993
654,0.01065869908369652,-0.014902503573838752,1.005145475576493
663,0.0007492300665813533,-0.009502290583646206,0.9852916863255157
673,0.0026365952249802456,-0.01764126420719804,0.9811653995889021
684,0.011416072420461922,-0.01720477811944879,1.0002136737702012
694,0.00434838050067328,-0.016387104500586763,1.0072504222113123
705,0.0088220500577072,-0.01266776288995761,0.995727526214611
715,0.0005584527303132761,-0.01589207948818145,1.002796941698412
726,0.014939318327558236,-0.013753043403658814,0.9898780625362072
736,0.01142007946443074,-0.025305144585822323,0.985510097026015
745,-0.0007633972873489717,-0.015526192117826918,0.9901163987734573
756,0.005201989760732684,-0.011427465277214912,1.0097025707703282
767,0.0003821187063465933,-0.018463759727847584,0.9819051287654378
777,0.001733013118237256,-0.012713783269627365,1.0006883232560277
787,0.0027384732814033762,-0.02222704216968356,0.9999799475946228
796,0.0005681719107041435,-0.02478601696816001,1.000650134083465
805,-0.0011592297407797304,-0.01228713363412634,1.0182873532465593
815,0.0010134686091680107,-0.012277411010800283,0.9999357160872581
824,-0.013195962211785112,-0.023915638092251022,0.9805849134755952
833,0.003017024903496142,-0.015163289965134696,0.9967681709496472
844,-0.0015965192532878636,-0.02731316300895086,0.9973488974108443
853,-0.009907550764654873,-0.019288043372987923,1.0108864470978676
864,-0.0018751228009646582,-0.02281381474099691,1.0035636540839512
875,-0.004793240015945071,-0.02530044053449162,0.9893621456316111
884,-0.006651024863469999,-0.021482140003592425,1.0055027249575579
894,-0.011433619130228197,-0.014740046419182435,0.9947494448209998
904,-0.0034603573561878924,-0.02514428298131876,0.999765295465086
915,-0.015205593266997754,-0.016386295631215707,1.0006908608257608
924,-0.007577525168896028,-0.018008734515721932,0.9969417144483884
935,-0.020640769632109132,-0.005965680585494614,0.9911507555647876
944,-0.009479197872698025,-0.017751160995181453,1.0090557150587034
953,-0.012713885314313007,-0.024000166598190993,0.985707737729212
962,-0.014337574205285104,-0.015424907054283257,0.9949390388546323
971,-0.02082194127116374,-0.022453357188639476,1.014127420651431
982,-0.015378269427689828,-0.014251761769376418,0.9859988407810699
991,-0.012440753081632287,-0.02428805564491563,1.0125916902969887
1002,-0.013237177325734723,-0.020270626757712237,1.000145258766897
1013,-0.014869878124980876,-0.013440685485600685,0.9897047352861231
1023,-0.01787410931735215,-0.020020519546309384,1.0044289978997725
1033,-0.01828446256413953,-0.021568424567641502,1.0018196725856867
1044,-0.018456351448117178,-0.018623628946250807,0.9980668078930468
1053,-0.009730651860644335,-0.022708748317522714,0.9896004503024401
1064,-0.01750533729223012,-0.015576801162183409,0.9994567817856598
1075,-0.018365813387654667,-0.02456898150615983,0.9987620003877293
1085,-0.024463630988720314,-0.01780248685867778,1.0024956316994085
1095,-0.015347479933325877,-0.01688707646777426,0.9909110998298014
1106,-0.016331481241785586,-0.02300516184283732,1.0005106284889338
1116,-0.016617748217321326,-0.010717652318987669,0.9922945891244684
1126,-0.020582166143670488,-0.014253016403594013,1.005473740914587
1136,-0.01725969970586138,-0.02180323568538238,0.9916571380321684
1146,-0.013666492944272843,-0.022576632578127965,1.0201755329999735
1157,-0.025357529435843185,-0.0086861115174546,0.988084686701032
1167,-0.027142552793267515,-0.011721199060699846,1.019441647540411
1176,-0.0203083705117968,-0.0134706451334378,0.9940248769475696
1185,-0.021725373131504404,-0.016127500948143515,1.0075752376473317
1195,-0.016245694017878416,-0.013786028855717407,0.9906688797441363
1204,-0.017252356912892217,-0.015902004191688367,1.0025753689172408
1213,-0.020668077708715454,-0.008283442665377016,0.9684545685387562
1224,-0.024137218999347704,-0.011379923003741802,1.0007862691258247
1235,-0.019138853627046096,-0.006320839002298074,1.0063555929724313
1245,-0.02485797960052645,-0.005820370411210488,1.0120924712565038
1256,-0.014651388158324728,-0.011006793071117632,1.0155969289822504
1265,-0.019688619965753867,-0.014572679810774713,0.9967385474438654
1275,-0.022113934528743398,-0.012441547643739129,1.007813099702004
1285,-0.025504790465127124,-0.015792923474261707,0.9875558640231116
1296,-0.0026381789662583456,-0.015877408534150983,0.9997832524670521
1305,-0.024696087504357186,-0.004423667281508073,1.0025207927605109
1315,-0.020467660590769144,-0.004884563883564976,0.987119103995863
1326,-0.011814691535990155,-0.010807990406330304,1.0012720913577777
1336,-0.023316924097185568,-0.0032603781021678362,1.0090067287241005
1345,-0.020005158849863956,-0.002892844780609875,0.9878329419770738
1355,-0.013652573805267201,0.0007894217394131334,0.992682022786899
1366,-0.018483820822970717,0.010088113915480557,0.9956326191889123
1377,-0.003159529871695722,-0.004255819226362771,0.9994263298971503
1386,-0.017118678323914775,-0.004748992318607974,0.9908959917652647
1397,-0.01395201328648938,-0.0035738114827145277,1.0115143303798424
1406,-0.019373963501011268,-0.004406309936777571,1.007057511184049
1415,-0.009347128516876415,-0.00987197810187232,0.9921458803875293
1425,-0.006919362344635725,-9.896632635169624e-05,1.012395755449867
1434,-0.005284670184291884,-0.004827962693193988,1.0259439094551324
1444,-0.0035368455553617993,0.0025570882650046696,0.9856507843137127
1455,-0.006707993449396144,0.00186613494071212,1.000228456721598
1466,-0.007816994009822354,0.005245754433020082,1.0098081607634373
1475,-0.00615605631219188,0.00444424754770923,1.004966965044599
1485,-0.013866263703429898,0.006847084932647318,0.998959022981588
1494,-0.0005638711375550286,0.00047934238220834983,1.0069415576678904
1505,-0.008921298866881405,0.009925181671459669,1.018726369639933
1516,0.0015163312331961587,0.0025211296334450364,1.0074604169905046
1526,-0.0006691514997020252,0.009192481133677259,0.9829651628519097
1535,-0.0020736537337308495,0.0045694059421719216,1.006111024936752
1544,-0.0034782360126251145,0.010903145334895527,1.000611151329323
1553,-0.010088260328462374,0.0067180442128192495,1.0154671965271518
1562,-0.001459975706607781,0.009015495533479245,0.9994980480924517
1571,-0.008562383953611977,0.011301725667043898,0.9952109616688991
1580,-0.0008229819591407331,-0.00030289831825956737,0.9954104339250154
1590,0.004559995017711837,0.006771443462066541,1.0122921695922902
1600,0.0008983823653270356,0.010476506886032315,0.9977833996649507
1611,-0.0021947751330940817,0.011175397392237336,0.9963961083456327
1622,0.008619445454280606,0.008397097442763936,1.0070372320089487
1632,-0.0016566273384385644,0.018107048092515326,0.996684637960377
1643,0.007346350061918567,0.012973099292767869,1.0021743911629493
1652,0.0001505067948259992,0.011962615186339457,0.99171758343507
1663,0.01209869927986824,0.012875906799415957,1.002806252117799
1672,0.00482491807382515,0.013542899411266244,0.9960589818511781
1682,0.011638582260755507,0.018265006016755125,1.0015801721406001
1693,0.003968376164448969,0.011348199828392191,1.0226931994188908
1702,0.008786016848302373,0.024781254014281204,1.00819168799394
1713,0.008527022604928951,0.018418269711485767,0.9983283256266263
1723,0.008634775193230314,0.0179960107036676,0.996655414977636
1732,0.01670549557419539,0.024403667494745082,1.0039255599069177
1743,0.008980243602740936,0.019224935901962014,1.0001526581281883
1754,0.008279510690266393,0.014745483694081855,0.9974668251777883
1763,0.01281210874639311,0.02163630915014893,1.0049988118288726
1774,0.01214031584425867,0.019757567569877663,0.9929190279487797
1784,0.024006884980186848,0.023230365914148197,1.0018769116951032
1795,0.011030804413461229,0.02129564188863812,0.9947353848938411
1804,0.018264628408277677,0.012696000733644384,1.011071147369922
1813,0.011834218551059414,0.021416308777981945,1.0178011759883412
1822,0.023162980639344768,0.022830818938049918,0.993555169154989
1833,0.01879540964650878,0.016331987834806053,1.0040154546435054
1844,0.028698431263207865,0.02541870986906078,0.9922512350172977
1855,0.023874540090833295,0.016943079815090824,0.9907634328740612
1864,0.01320986832100701,0.022029772054322733,0.9879016073998759
1873,0.016672357470318956,0.025077137186716482,1.017685216261061
1882,0.014485883511862818,0.016065840577095584,0.9876339879889969
1892,0.0246640959047201,0.016473031628125585,1.0051574113732948
1902,0.02792159427931433,0.026451747101134914,0.9912314309680228
1911,0.015523054567986472,0.00512108511498088,0.9864371800773394
1921,0.015893675600744915,0.022320463040803287,0.985587263739318
1930,0.015201893097100783,0.018014276096176028,0.9997550695506847
1939,0.016597657255838193,0.025400838859296712,1.005850308456056
1949,0.025380760129025723,0.0252361252689018,1.0110244981882526
1958,0.015474434778902098,0.011172642604810316,0.9989282180607229
1968,0.01903898329336399,0.019187485870351618,0.9911167389921678
1977,0.020370300672425037,0.021756773837922058,1.0170673857259884
1988,0.020936814719005537,0.0179059004577259,0.9911579670462278
1997,0.02305469848305131,0.025589844829440815,0.9847124199815879
2007,0.01805435033845979,0.01507253382043713,0.9923083496358485
2018,0.020409248286051285,0.031015205273093656,1.004638692780289
2029,0.024855438563329262,0.017195356620879586,0.9980548763532306
2038,0.01998225972371186,0.014864646370265263,0.9999997110901848
2047,0.017448249537758344,0.011306107096219986,1.0029657599412278
2058,0.02181231139149461,0.021050023366166862,1.006688406897986
2067,0.013987002925047117,0.018989904933930483,0.9930598115757189
2077,0.026643983235119163,0.012015108463412274,0.9895900269851478
2087,0.016700157722269425,0.013055201152876353,0.9969911227459767
2097,0.01782470218132119,0.017988329413134302,1.0127470615633003
2106,0.01634374632844582,0.016296248605224085,0.9844348364186903
2116,0.015645516923576595,0.013836307734110357,0.9925917194579758
2127,0.011958673063043972,0.019027811146036744,1.0057005796803995
2138,0.006871666553709953,0.010894950932361038,0.997975312082259
2148,0.018593620252703225,0.012337493069608066,1.0175356797430144
2159,0.019441188829665584,0.016223067765381648,1.0002245063497373
2170,0.017496902739921102,0.019376092944411314,0.9849603971174838
2179,0.010479405400188215,-0.0005805293939111049,1.006529848158746
2189,0.017899118607229182,0.008131626834775207,1.0124858862716015
2198,0.009588670403295627,0.019762846039951352,1.0139498385723065
2208,0.017509881182053755,0.004206138864481283,1.0077988162935472
2218,0.004495381096242037,0.015503510171520428,0.9995645235361923
2227,0.005658675324383411,0.0071086569021305765,1.0128849977991323
2237,0.011887394111969004,0.012429542153677295,0.9847710811434743
2247,0.006310814543191393,0.020941985945386862,1.0037401212295043
2258,0.0023530721005334924,-0.00472994167692654,1.0085331568601195
2267,0.007617660331956325,0.013028790300782304,0.9841721384031916
2277,0.010805980987406077,0.0036942556253286123,1.0010726793756033
2288,0.0031090174664955496,0.017013392228912214,1.0063315850769723
2297,0.004404400700872783,0.007792750583857184,0.9683740412949231
2307,0.004741872319869784,0.005834341099927585,1.0055023611704927
2318,0.017420760973011293,-0.00043215447504729287,0.992238365404795
2328,0.006941148414447252,-0.004464036951698632,1.012789783075582
2337,0.010356941061346953,0.00045216405153838816,1.0009716672750362
2347,0.00283048945292161,-0.005363691305293632,0.9967614561680992
2358,-0.005241166346509647,0.0005669771371857723,0.9889812058031445
2367,-0.008043408159396484,0.0016137357556235744,0.9885231478310105
2376,-0.0012897553748344903,-0.003931245186513014,0.9798709075886932
2386,-0.0001239520557845342,0.0018102851951032166,0.997670608595138
2395,-0.0031189901110803644,0.004519469231499951,0.9950900556649516
2406,-0.00819255942734796,-0.008488821277821083,0.9946418115437166
2416,-0.0012027164999397918,-0.009341849681966073,1.0010924430291197
2427,-0.005905392463375157,-0.0012507033822170902,0.9875257232743747
2438,-0.009518543509323147,0.006753357864735443,0.982030719667254
2447,-0.008209249107343716,-0.00867937658996693,0.9903587248379202
2458,-0.014196434413560919,0.006828081170187914,0.9943111294545232
2467,-0.010935189309790545,-0.002135790513479517,0.999172988723865
2477,-0.00587214890276396,-0.011758984957675436,1.0209782617777299
2488,-0.013320685421108593,-0.0006715065858406873,0.9879754140277941
2497,-0.006459034284548204,-0.006366731478261999,0.992844826211132
2557,-0.022261177626902946,-0.017941531059469825,0.9961620886903866
2566,-0.00892055030395131,-0.01830239817534357,1.0008300482082773
2575,-0.018033985735867702,-0.01019048467071081,0.9917323275358065
2586,-0.01696764339998217,-0.016143548373527383,1.0098847700700366
2596,-0.016270989248542797,-0.01766787984808263,0.9882439146694317
2606,-0.014807945422451278,-0.02050240487317035,1.0125439959588696
2616,-0.009257316265572284,-0.0022078454689924993,0.9994344958161985
2627,-0.024089269628531064,-0.015289750468304003,0.9981909760516434
2637,-0.025749462624894706,-0.020584789711007426,0.9976429576743535
2648,-0.01661743232217342,-0.02499489196646207,0.9858772417069059
2659,-0.020275180816313368,-0.025419708415402857,0.9864484642335026
2670,-0.018258605915427804,-0.01668597263888886,0.9977673515453779
2681,-0.010352885063195082,-0.022527048804573926,0.9996812929249935
2691,-0.01376214416568142,-0.018034449642057932,0.9820800465948678
2702,-0.024888214552213857,-0.011460195429622254,0.9973913969773623
2711,-0.015870837994232,-0.01958367252553163,0.9928512555161848
2722,-0.01781233080707812,-0.011244694001671588,0.9962128394490378
2732,-0.02148963798911517,-0.012652478546282007,0.9795129538116963
2741,-0.021025476059584734,-0.015189949182813127,0.997939808534876
2751,-0.017894698046083856,-0.01021273942965625,0.9982988119380402
2762,-0.02315770544504229,-0.02145965758475108,0.9940600854225354
2772,-0.022647756555628888,-0.01470966630495003,0.9977213535633295
2781,-0.029583239524275044,-0.013305633062312432,1.0082264850653997
2791,-0.020102367461342238,-0.018149538220968865,1.0017062031175519
2800,-0.01693124522676118,-0.02152509352993612,1.0045924421697026
2810,-0.018646962712908208,-0.02308609093776044,0.9998729361637014
2820,-0.021364825897062872,-0.020980501385455118,1.0081369666030593
2830,-0.016896426023866956,-0.02171985579456095,0.9920202560874194
2841,-0.022386396295290156,-0.01899508557769378,1.0063742540869107
2850,-0.013943783952977417,-0.011156541395568377,1.0149471735078213
2861,-0.006345131524364299,-0.011897556036107333,0.9767991090688648
2871,-0.017368571929937567,-0.032195433396380924,0.9948634231594425
2882,-0.016593516751386643,-0.01227469180593596,0.9942394718997243
2893,-0.015816424813114318,-0.027120278714767673,0.9847033506352788
2902,-0.021822205443527424,-0.018632558151790088,1.0096489231133605
2913,-0.012844767662232241,-0.028042315234351467,1.0011243769472793
2924,-0.022658215294787835,-0.016411599991484196,1.0113670335370255
2935,-0.012873127195633155,-0.012804219360085804,1.0100436581981387
2946,-0.015991419601227762,-0.019547722823157643,0.9818514331364626
2956,-0.019408199060216683,-0.02069139509141682,0.9959961160477928
2965,-0.013154734066869771,-0.024502297433030524,1.0088216742621694
2974,-0.006795432454144507,-0.018151874282314844,0.9985451329290175
2985,-0.014901780939910857,-0.021447961822399567,1.0098089018266934
2995,0.00022784247629130394,-0.010728009452419654,1.003767018023649
3006,-0.012365810972651778,-0.014935903542926962,1.0188081974553005
3016,-0.01252910877169415,-0.021737022795533287,0.9817529072863966
3026,-0.005075891420780995,-0.006328518167495892,1.0002486846374457
3035,-0.008161994028769872,-0.013537751190353933,0.9909646946985641
3044,-0.007911916588985303,-0.020074740132616717,1.0006876364423771
3055,-0.003140498383291784,-0.014666109956599019,1.01133535244894
3065,-0.005191888461525982,-0.003863186090590477,1.0120883819716409
3076,0.004569430605989491,-0.01678961140190633,1.0119154770615326
3086,0.0025513952797398065,-0.015696683666521424,1.0019544223088395
3096,-0.001119634171804201,-0.006822394467077926,1.0004053156706856
3106,0.0026898328447215445,-0.015261007681141813,1.012505234036077
3115,-0.003104025426285116,-0.009717271223021968,0.9908447005931375
3124,-0.0022722948060289283,-0.0035654061555778606,0.9837672970486684
3135,-0.0021842601996955764,-0.013458252758906993,1.0055678811375297
3144,0.01199947009893462,-0.014780860607230481,1.0291619261637026
3155,-0.00036745727935986257,-0.014031711225635651,1.0005901105236283
3166,-0.0005184644200727697,-0.0055476580796471435,0.988310120458767
3176,0.0030646189667691043,-0.012333631386480828,1.0025148397215053
3187,0.005977078894590461,-0.004189104397110363,1.0120664500265697
3197,0.005209568193415391,-0.00020610023867796354,1.0003393100696976
3207,0.012178757312553506,-0.0075132062709370355,0.9939409359463028
3218,0.002964243226284943,-0.006232994735815918,1.023389604762419
3227,0.013691545450498843,-0.00724044558999369,1.0009277967541044
3238,0.009569298535582048,-0.0011619387031313018,0.9966026250422959
3248,0.007777397239084858,-0.004111762719429033,0.9899154425537543
3259,0.009971641409067365,-0.0027682491611481777,1.005787007374431
3268,0.01499245058595624,-0.005043140889708076,1.000788715894681
3278,0.02150352414123384,0.0046496591030707165,0.9927809001190886
3287,0.005367897767356977,-0.008907606062422201,1.0002667109233694
3296,0.006495330734921705,-0.006077306668818481,1.0167714207424337
3305,0.021013403949168875,-0.006463093705192047,1.0027284005293626
3315,0.01466854442240151,0.0016548060401386114,1.0191278097945378
3325,0.016781762987560313,0.002087562752402156,1.0114375138510976
3335,0.01591339481273015,0.005577337077084597,1.0050354419817522
3346,0.024116599833958356,0.01464987473919405,0.9980948571677962
3356,0.01534847454519882,0.005774382385309082,0.9891084461569803
3366,0.019563490777229606,0.005190377137047631,1.0116022908722837
3376,0.018731633581704443,0.011203628762238958,0.9874565984163567
3385,0.01905655351264293,0.007102604600603646,0.9966193622410495
3394,0.026974741287918397,0.012757043182473261,0.9840825497385338
3404,0.011310103068728834,0.008887847478732077,0.998067412673365
3415,0.01990925017511718,-0.0021874715472519806,1.0103044327844886
3426,0.0296003243541629,0.00047804063574063277,0.994516251596076
3436,0.018149924892821613,0.011628467522531943,1.003994485185081
3446,0.018725458219551704,0.013194191857078047,0.9905103003762253
3456,0.02404104060498728,0.01022763752272036,1.0053216876643658
3466,0.023219747754590816,0.001506167992316735,1.0053389577183436
3475,0.016340217714791994,0.011501174245798228,0.9929639218587775
3486,0.020514130639778215,0.0073414642207845285,0.9966777204050473
3495,0.014498473094461449,0.008735058135821965,0.9947419250319219
3506,0.022114102057043266,0.021400324564358426,1.0018505474844437
3517,0.01286948732996724,0.013334969618235316,1.0007347392827899
3526,0.01358210223904988,0.015869251253640436,0.9892502894475506
3536,0.011486653572993586,0.011827604047041886,0.9865009018651032
3545,0.022901459661873503,0.017033862461250292,0.9969194588583012
3556,0.017701851730912307,0.010592308016637426,1.0004377977730556
3566,0.021289867184038153,0.023715155350703804,0.9857459627842237
3576,0.020654730786258232,0.009367103318520075,0.9908014497761867
3586,0.02143373160300727,0.015343854970051647,1.0079147091740204
3595,0.01482693290915961,0.016083836342417508,1.0130838539682203
3604,0.020140414290388712,0.014720864152877672,1.0084332597371743
3615,0.01908519105666674,0.020486113213696637,1.0068553711470658
3625,0.016495977843629064,0.015374020513894745,0.9944805260921734
3635,0.014246896822704632,0.01529511374164263,0.9980953177844196
3644,0.010179160915516598,0.014077389460793632,0.9907118260426626
3655,0.02169515512002684,0.013897036869207336,0.9913485605158334
3665,0.014020506236551687,0.023224687234008248,1.0069997875297239
3676,0.019182328612266902,0.02038945427407361,1.0063010592812294
3687,0.011235156082151001,0.023584454333552454,0.9906494171324974
3698,0.018659284457542172,0.01812721377661431,1.0041193219865727
3709,0.019762701402891658,0.021147837105893175,1.0054086958846722
3720,0.011796851060107149,0.01551689008406516,0.9842836298156171
3731,0.02242356454152742,0.02146222319898205,0.9979043987945275
3741,0.005661223782618118,0.016457617516659397,0.9880469561894463
3752,0.015008017623817442,0.01568172671795414,1.0012844721483936
3762,0.01979275280940408,0.025641297593564486,1.0000710737908913
3772,0.013002367607520875,0.018374895203437724,1.0033116403212654
3783,0.006937753489555829,0.017542762897426904,0.9965448720146866
3792,0.013798296263373063,0.011609916210442247,0.9888478242171308
3803,0.007791660998850895,0.02616646032269538,1.0114863412887647
3812,0.017415236477428413,0.017769380797592167,1.0272901950185698
3821,0.008243506566698589,0.027593238878994064,1.0080146211215215
3832,0.002683390621261373,0.014376656008679115,0.997194828561922
3842,0.002650871983013822,0.019029889145177017,1.0088398590583258
3851,0.012571570223388777,0.01216384954354255,1.0223081763959827
3860,0.006720663512573861,0.014275920776319383,1.0182929870135529
3870,0.0010794933045055796,0.024491249563902515,0.9894550704098856
3879,0.010539707898411707,0.020689012993752934,1.0009389715697277
3889,0.015618818678973393,0.01849826567770094,1.0045081835825929
3898,0.00952018465109944,0.010946033608972325,1.0078748974636467
3909,0.003981003624046308,0.022221210609743733,0.9947010249936682
3920,0.003422406387379292,0.01949948426018047,1.011843641008479
3929,-0.003250144158383858,0.008569899582546362,1.0104469218578924
3939,0.006704914458107202,0.021725895708875256,1.0076296462117404
3948,-0.006413563221750466,0.010738115267611734,1.0117013808400022
3958,-0.003686401272166583,0.009269155121379337,1.0059824976660259
3967,-0.0010003856049957526,0.014175620329922827,1.011574478583426
3976,-0.0037956392620554238,0.022655070409593445,1.0001561168486308
3987,0.004797555582160412,0.016613546551131272,1.0048204196146693
3997,-0.006000613060477667,0.016145422044638334,1.0199307769811636
4007,-0.007533041321510477,0.012608848482844638,1.0011926387266585
4017,-0.002889186301941433,0.008618335632890809,0.9899470760365384
4026,-0.005855794944165779,0.01334075255033837,0.9997819321628089
4037,-0.01031390431562201,0.020273178675711608,1.0011262855803225
4048,-0.012313278829995517,0.009319678807076157,0.9956012540968526
4059,-0.013158160196490694,0.01729748305617914,1.0012023342172727
4069,-0.011975234692011456,0.001254274155564731,1.0039683839262976
4080,-0.0045233960218719615,0.01274388385025516,0.9966056610189048
4089,-0.005700162770490588,0.020310829385853768,0.9827020311071224
4098,-0.01265281918206645,-0.0009813069130906703,0.9994635986460467
4108,-0.013498377483554652,0.010387430379541126,0.9969250191319002
4118,-0.004528199546788927,0.011361717559743188,1.0029185339026125
4129,-0.015071495066500887,0.0037556199480926486,0.9970033787981923
4139,-0.022381082497011123,0.015161089490708494,1.0109674392178265
4150,-0.01587263746383881,0.0007789344520564715,0.9954761544880274
4159,-0.018279890856021577,0.004312940820485108,0.9984757637451289
4168,-0.014618443123367514,0.004290803655867494,0.9920500112430697
4179,-0.021537144454649968,0.005401601328923086,0.9954729896211036
4189,-0.022218498731355563,0.00028278214514884485,1.0009338206944243
4198,-0.010888527262371614,0.012280652126348287,1.0123484698672436
4207,-0.01774457895702042,0.0021897798953220238,0.9893043001697767
4218,-0.013180159205846597,0.0009893551937690845,1.0260233169741506
4227,-0.0092523816183396,-0.004121001870611025,0.9845838119020073
4236,-0.024075205961910935,-0.002540170189957137,0.9934824824381705
4247,-0.015577446810967795,-0.0012093821822974022,0.9993997516575965
4258,-0.021925107706793845,0.003749387660268893,1.0024646394962005
4267,-0.017879584639380615,0.0007614531707546717,0.9900163793964867
4276,-0.025021256095049984,-0.0006582716235340473,1.0026136568206945
4287,-0.020299278795403598,-0.004400269930174017,1.0045814820321353
4297,-0.021176944418644292,-0.00274075105404425,0.9944048919066123
4307,-0.025907404721909784,-0.006531149578766155,1.0038391871890302
4316,-0.01311369920368806,-0.017391458284121687,1.012692073153448
4327,-0.01425457829890549,-0.002299324386203008,1.0034287906296935
4338,-0.02240785962647911,-0.00543140024000922,1.0155585879570355
4348,-0.009086726731481969,-0.0034215208923900633,0.9853397197610265
4358,-0.018144845661732023,-0.00451903802128566,1.0031173299002214
4369,-0.02496702874397208,-0.013108101952014568,0.9792945097323209
4379,-0.017269587176735025,-0.006337515067797955,1.0091457121343994
4388,-0.010551328039347906,-0.009984230404971917,0.9920600206505751
4399,-0.020728712727259922,-0.006468989459327629,1.0133037230959099
4409,-0.004326511009582383,-0.005056649764654711,0.9832261498285445
4418,-0.018423431938999816,-0.00740471065476626,0.9826944786072983
4427,-0.03084449144727517,-0.01813205890516368,0.9821228179495793
4436,-0.02544448672999186,-0.017069789685884882,0.9928418040561898
4447,-0.02338979712707199,-0.015175186392968089,1.0112555347859444
4457,-0.016431220215172904,-0.011938489437776995,1.0127318210014664
4467,-0.013709812047897774,-0.015328650670220524,1.0108401734526982
4477,-0.013538188363053446,-0.01311967028271251,0.9984478528775371
4487,-0.01099753359002413,-0.015802318331053188,1.0093743162257112
4496,-0.0072041760203603086,-0.016245580274640948,0.9868286464650634
4507,-0.007101916523575237,-0.01699365169509604,1.0158579899347489
4516,-0.020019180689680324,-0.010235318475473643,0.9982729832377152
4527,-0.0259926291656132,-0.006183459050871596,1.0025047291787277
4538,-0.011672832010068272,-0.010366386275341317,1.0050759125461695
4548,-0.00709006012325816,-0.008020420986965909,1.0133329364798993
4558,-0.008159493279362044,-0.017164104805551667,0.9967531526905998
4567,-0.017109520423348318,-0.012362518691549265,1.0203891249379373
4578,-0.016897850171896128,-0.011398548522121486,1.0031653594098577
4588,-0.000896355269646822,-0.0139862920073728,0.9975605845761517
4597,-0.006649553627796715,-0.020456093506171655,1.0212516269358223
4608,-0.0019952292517066194,-0.023655035516997897,0.98677278998737
4617,-0.004718999915579126,-0.016982122817781022,1.0056917076287217
4627,-0.00893673972234707,-0.02275076775625888,1.008230618505501
4636,-0.009404301690266681,-0.015303099466791424,0.9959306994946774
4645,-0.003421121186556148,-0.012627083009865769,1.0112106856255711
4655,-0.011888489990021251,-0.01913170856014766,1.0105347844413684
4665,-0.003182312416332375,-0.018358665282306542,0.9927344542440496
4674,-0.0029548668760731767,-0.027255383676408538,1.00787996693647
4685,-0.001936957687797822,-0.01816065070908017,0.990772816170707
4695,-0.004679550392403508,-0.021583443340319662,0.9969718533700949
4706,0.006766453150825988,-0.025251163376311236,0.9938804582830191
4715,0.003079531674658524,-0.02095072566732937,1.0015519378326874
4726,-0.01469565485992367,-0.013195326459427793,0.9867857273370776
4735,0.007251658716581944,-0.016628570655342952,0.9813354936832327
4744,0.004112106322727613,-0.02669019331416054,0.9896736525073523
4755,-0.00783843293853614,-0.026221121035504048,1.0038192644502142
4766,0.011736865615289095,-0.026694419219970743,0.9987062277982736
4775,0.004513589254748941,-0.016814770261854566,0.9880653736355077
4785,0.005147096557172498,-0.020897046602451612,0.9921865344659206
4795,0.0028949622428166076,-0.010324181396001096,1.0095563386373314
4805,0.012579888922143154,-0.019927092879055655,1.003633709248175
4814,-0.0024204951040900004,-0.014903122223701076,0.9903919472524663
4823,0.005634320196614833,-0.0189377574641598,0.9955451908332728
4834,0.012567875546671325,-0.017787247283316286,1.009481453545022
4844,0.00892413917959215,-0.021945706502842693,1.0052854963724631
4853,0.010958377504544259,-0.012058424392813169,0.9760196483548491
4863,0.016816127078068246,-0.008455442372117327,0.9999002584323649
4872,0.017199395112961827,-0.02414814849890762,1.0015726496980761
4883,0.01176578836930366,-0.016310123666693817,1.0032330829017808
4894,0.017452588244791532,-0.008488818816324548,1.0022463664336712
4905,0.01065256089053866,-0.020119998323670795,0.9933913013399889
4916,0.007615863356138657,-0.01647157624882192,0.9989526671257637
4926,0.00886695302536136,-0.01766828877180146,0.9969036142677918
4936,0.009288694152685947,-0.02238072648506341,0.998897206226673
4945,0.012352586529972301,-0.014685245026496714,1.018491482394066
4955,0.013134126584874721,-0.021056528000116356,0.9806347187401663
4965,0.016390678044616074,-0.019909271293569133,1.0183905444187356
4976,0.008833872940591615,-0.014655490278934459,1.0124272087003041
4987,0.020066061259602138,-0.01440401089628017,1.004279120982717
4996,0.028255677133192932,-0.015218079167577073,0.9959939109034305
5006,0.019512867471334048,-0.015519905762175318,0.9994467380120786
5017,0.008374035950137311,-0.016569992271502625,1.0189199347154052
5027,0.013960777197656846,-0.010936012794367563,1.003935912474408
5038,0.030768942098011388,-0.018491918057448577,1.012381873834849
5048,0.01736038905845807,-0.01102457449469629,0.9993548632728053
5057,0.017025263806691837,-0.009547660173431808,1.003817186490485
5067,0.009119351440778783,-0.00018554660464437187,0.997939250473721
5076,0.026410709571606492,-0.012299959984981495,0.9981345319059585
5085,0.018339250879715618,-0.010765341047077867,1.0067815327426777
5094,0.018744000478396458,-0.0019301443093772738,0.9981298218717601
5103,0.014077429522141766,0.0036757965874048663,0.9959045205184115
5113,0.023528111151540285,-0.0042379357212680244,1.0068570446630776
5122,0.015105334727770911,0.0013107030791874984,1.0198931393393187
5131,0.018590192839893698,-0.004362905267669491,1.0147970981019567
5141,0.01519844129311752,0.001469450756178025,0.9943089498614944
5151,0.01763594099047139,-0.0010705615222218123,0.9861494847265299
5160,0.012604072197116088,-0.0020778232673912345,0.9964234256835706
5170,0.025918366450594865,-0.012630260541406467,0.9935584216455363
5179,0.016965334201493272,-0.00560611472681986,1.0001557145771516
5190,0.0174731314829395,-0.002057024285973364,1.010106316239949
5200,0.015172335994859112,-0.003259367710991345,1.0077523323125277
5209,0.021128463710836386,-0.0020939922499691697,0.9953209046645211
5218,0.020718626487869797,0.0024522171052212063,0.9946263775185461
5228,0.019226575742256665,0.001420118250295415,1.0025227300655175
5238,0.021163593490970738,-0.00296345710466719,0.9896311913591955
5247,0.016286556708237195,0.002553604267713007,1.00551208609929
5258,0.014998844027030141,0.0020600117332822045,0.9931399900568655
5269,0.018462217027217724,0.005175537614041393,1.004296026504108
5279,0.014909417378163054,0.005599436485901441,1.008257034655309
5288,0.022253573038285755,0.005788104577106356,0.9935894596009417
5299,0.013441144812040774,0.0018305723872287958,0.9926100184041784
5310,0.02041199521243879,0.010591671420299525,1.0107310679500217
5319,0.013154094352099905,0.004325258695542216,0.9960705994175914
5329,0.009495782137593743,0.011406372730761942,0.9826140241528567
5339,0.006201510350307097,0.02275508630025149,0.9999433619540621
5350,0.013329133784474643,0.010533947124467749,0.9889795891316616
5359,0.007427672980897475,0.006480106773637662,0.9899061458324511
5369,0.0033907649190314656,0.00902083018623343,0.9855757404919954
5380,0.00988508426427014,0.016673936399816864,1.0124279472330293
5391,0.016652411165364374,0.019351931380879997,0.9814465207872857
5401,0.005079025191291276,0.011188955550238548,1.009045496358954
5412,0.002314180668704878,0.02095699608940166,1.0135634353508522
5422,-0.00046237800451642656,0.016036018247123873,0.9742399498484291
5433,0.013899827096395208,0.010998380239021579,0.9881524714888982
5444,0.008510810923696753,0.023411257145063397,1.0116483693907141
5454,-0.0024915661607862434,0.019033241570568116,0.9973304380516831
5464,0.0001360090079364335,0.016868009481109978,0.9867563566689128
5475,-0.0023254283703054504,0.015227557521887744,0.9989493453065643
5486,-0.00021807125887867145,0.02136756141870265,0.9867764149208396
5497,-0.0068018201735435095,0.015416610958947778,0.9958300739128262
5508,-0.0026735240060775955,0.010395986335104438,1.0097089959671848
5517,-0.00265530198217239,0.017763970728891996,1.0091055967613385
5526,0.005290360936226597,0.017399793020381946,1.0021680262669548
5537,0.00585853963339763,0.0203249733266663,1.0160957408541795
5548,-0.006978972250660923,0.014783339601607815,0.9821885652564937
5557,-0.0002604968961262451,0.016738631189567265,1.0262814677569656
5566,-0.005523530547211768,0.015762533154256103,1.013480548091247
5577,-0.008262493439968047,0.012399771919601482,1.0004035879611775
5586,-0.007767839753307782,0.022480765266077736,0.9973580840362566
5596,-0.003742417036802702,0.02063780518805148,0.9994707002042227
5606,-0.009115877536610603,0.016927873187744073,1.0050205516313984
5617,-0.006841590673475763,0.016312486773272523,1.0031364074912683
5628,-0.009354384887735562,0.023050574760157014,1.010789805251914
5637,-0.016631655026879865,0.028373411772756325,0.9953547033454494
5648,-0.02786987833482643,0.016781362992897113,1.0125857662120492
5658,-0.011523042943602521,0.027154972511985547,1.0065198805248914
5668,-0.002188301941547675,0.013911788827233944,0.9906036495034319
5678,-0.01913784267427019,0.019405319376790936,0.9916431789376708
5687,-0.010865020404320084,0.01891785804307454,1.0119608646267768
5698,-0.016736772128913356,0.017276974701403276,0.9924968437566416
5709,-0.013820109461973712,0.012554277854871187,1.0154030611096856
5719,-0.013581166364301508,0.02000460791983446,1.0033306278120744
5729,-0.020550603275547606,0.02239547942011765,0.9928030400963452
5738,-0.020769285098083155,0.013850367217896141,1.0004970006541871
5749,-0.009973293087999529,0.024461544071802222,0.998651190748775
5759,-0.01674926713965209,0.017682382595299116,1.0039123049233876
5770,-0.019698915129283318,0.025353497310044375,0.9937902640485338
5781,-0.026649143500878582,0.026997738382933137,0.9879862827668223
5792,-0.023421232294170778,0.021834698427245922,1.005908063234226
5801,-0.024879372194807514,0.02143245973784877,0.9940940576184315
5810,-0.01336845520387633,0.022302025907061738,0.9969501612358506
5821,-0.025362005198748157,0.01853285428784552,0.9990563980059489
5831,-0.014952549112598489,0.015241789139061924,0.9965300673760517
5840,-0.021854624974852445,0.021294872568823536,0.99364053900747
5850,-0.015262215636049143,0.004115473103808307,1.0042409711988711
5861,-0.028674365391913835,0.019201821535858175,1.01079975731811
5871,-0.019043944575484976,0.009323281790011219,1.011164529462541
5880,-0.017417412746618906,0.012540747051816178,0.9985512907258064
5891,-0.026195602136231736,0.007383595055922218,0.9849372603672811
5901,-0.037563815079207405,0.008712888872100581,0.9829873787126934
5912,-0.020362196290948414,0.008968816968383947,0.9883412528632142
5923,-0.01893111819193633,0.025390324348635814,1.015083807173705
5932,-0.014476911681384206,0.023055005112204412,0.9858766180343042
5942,-0.011383021899419178,0.013644577306282914,1.0008965703503587
5953,-0.015417446725243235,0.008317023871714336,0.9891873458153757
5963,-0.008688635613950061,0.018286302234702616,0.9946597791435223
5974,-0.015541920736509954,0.016175191832083477,0.9903535321288334
5984,-0.015118323727630806,0.008516698024943216,0.9846967204511472
5995,-0.007948786441487079,0.008893230027009993,0.9932795621760278
6004,-0.016142413796236103,0.012291871914695923,0.9989761763182997
6015,-0.011893886848819224,0.012138929971255825,0.9867478777124822
6024,-0.010926074783151832,0.00842423469917915,1.0074666016509635
6033,-0.011164114122685236,0.01588812422353135,0.9898580325697336
6044,-0.0176264297695386,-0.0037848345977225563,1.0066069611335595
6054,-0.011364570170854706,0.013030344414097644,0.9856608366803485
6065,-0.018344650061503914,0.0038400719156724966,0.9910984795344078
6125,-0.011210921674933866,0.0007484914100380176,0.9783109385442907
6136,-0.006431908079713312,0.0025732723150158434,0.9978802230323739
6145,-0.004384529221931992,0.0027966788769885403,1.0101625072897529
6156,-0.013336346914449973,-0.006887556008424053,0.9979547199916878
6166,-0.007830160508106558,-0.007400401343022158,0.9860612347944704
6175,-0.011807120659331727,-0.0015159083508104493,1.0021835222768543
6186,-0.010298394080870101,-0.0022090447206028624,0.9955188441992819
6195,-0.009307483927099014,-0.0021555381516809424,1.0034300237751006
6206,-0.006301444069844373,0.004559524979546512,0.9915384790573246
6215,-0.012869492538729052,-0.0013018962753795528,0.9904419104007366
6225,-0.012232244194454072,-0.010517692477939676,0.9956278189212019
6234,-0.011228566217352909,-0.004486416328560621,1.0036565825128494
6245,-0.008771003486619534,-0.012708363217145458,1.0094017545127785
6254,-0.008993440014094406,-0.007071416798860823,1.0066460324454771
6265,-0.012235937849054433,0.000655070148835828,0.99084683515516
6274,-0.004153735843195595,-0.013613472437643083,1.0043703919592524
6283,0.0012508339992986354,-0.01583066370054242,0.9956014627100434
6294,0.003791640099821179,-0.010612471705761139,1.0173898650908113
6305,0.0020132447756685255,-0.010394536782758824,0.9935559959963877
6316,0.006598914580594157,-0.014185232702556913,1.0078325858530492
6326,-5.836871583465202e-05,-0.014125735988067848,0.9960401800888498
6335,0.008207041753464647,-0.024670638502604467,1.0130418417980307
6345,-0.0030105689815650063,-0.016645688224557812,1.0011967702293454
6356,0.009454438114727485,-0.01824148421272507,0.999517610311295
6367,0.007128053722461764,-0.010067703439632364,1.0115864909410475
6376,0.006084524353961795,-0.00989161860578908,0.9999303350627414
6386,0.0015755213332766188,-0.00680377658084067,0.997100734433194
6396,0.008426042181558934,-0.019308709440836697,1.0003918395984903
6407,0.004136603740918996,-0.00927793491569999,1.0029495085478295
6416,0.010690462035976506,-0.0226748923975846,1.0110725041919713
6427,0.014824800104699503,-0.021126882925390524,1.022150764745893
6438,0.015838202040983067,-0.012838809702132643,0.979010773332316
6449,0.013209403160285254,-0.02305848282931001,1.0087904289723257
6460,0.014604965360346426,-0.0115448312938221,0.9937126517750943
6469,0.011999297459877455,-0.005676278265770511,0.9964797582963906
6479,0.01076459452933182,-0.014670950946435949,0.9876014923360144
6488,0.012966583811904665,-0.02756278974193611,0.9814806750871664
6499,0.020539746110400395,-0.011628181631959816,1.0052360747334703
6510,0.0114998249187084,-0.020081216545104277,0.9924244592487461
6519,0.015547401747277617,-0.020959988326213194,1.0044410749635448
6529,0.01635623688266491,-0.014765801349446678,0.9829508714830713
6539,0.025713325303195433,-0.02913081639569596,1.0041289288732627
6549,0.012891563970623073,-0.013835300281461873,0.9837176024090347
6559,0.005652727985750413,-0.017009009052006464,1.0096781769583947
6570,0.009480363335722256,-0.02414610375160882,1.0053579536079373
6580,0.016869230464522864,-0.026575482039004183,0.9834398680001771
6591,0.007769641288248041,-0.026735108077891586,0.9945335152278665
6602,0.019047514590775427,-0.011745485670384782,0.9999887546433568
6612,0.018247833182510668,-0.02032247518456142,0.9864218924363483
6621,0.029513336349729274,-0.014086015898761031,0.9944425524830182
6630,0.026144211091086552,-0.012869072800228275,1.014522904026736
6640,0.009891300158694381,-0.01772745925113898,1.0115699976363643
6651,0.02288662143946346,-0.01363121632432459,0.9903382382222455
6662,0.009269399878732449,-0.02184331452708113,0.9928693160309313
6672,0.01973567249650182,-0.015138802831548465,1.0183818057307863
6682,0.01254983944314915,-0.02087781522187773,0.9832380681376931
6692,0.012639838577373198,-0.02412231151293809,0.9938297026350023
6701,0.024135940426358322,-0.01182857114604456,0.9924976938083266
6710,0.01089283213739679,-0.01954080660072471,0.9883441074448168
6721,0.02153886879954241,-0.023136933564461004,1.0038418144370458
6732,0.012073815430770782,-0.015748498070875645,0.9912178292401863
6741,0.020235263870146757,-0.015613516682340038,0.9980931371899628
6750,0.02261157389660015,-0.0171428288102386,0.984605506225516
6761,0.020004132900521797,-0.02142326043489261,1.013648422265006
6770,0.015549767069042366,-0.017626767346254606,1.0060150113832433
6781,0.018313995063506387,-0.007780238551942712,0.984681113571712
6790,0.0038930611349912506,-0.017894210001347215,0.9850941282821178
6801,0.016420900578471644,-0.02375136502494628,0.9951413671720974
6811,0.024740167080039427,-0.021620218173924476,1.0009840616306522
6820,0.018592826454429175,-0.02111223898593016,0.9940796189748903
6831,0.009619571745366595,-0.013192339988267672,0.9970083697707113
6842,0.00877269879557975,-0.002478698238767991,1.000211277565801
6853,0.015855238612791894,-0.015672335097967595,1.0030727246267326
6863,0.014545194047650405,-0.013690827199184524,0.9884516792955695
6874,0.010181694957493933,-0.010482669603175353,0.9978807387388734
6885,0.0035436498562751075,-0.009505403635988821,0.9838447341158167
6895,0.011690977226850098,-0.007187876026110821,0.9997452779038611
6904,0.017391348706464513,-0.015095532966490854,0.9908588058605545
6915,0.012892253294312048,-0.012741551336613397,0.9930597515009898
6925,0.009334037012121396,-0.011083736733589195,0.9963243787355753
6934,0.011963325329079903,-0.003170298189880628,1.0105850396508222
6945,0.0047352870665607425,-0.012700361749564338,1.0067291819367092
6954,0.0024400520013342407,-0.016981313599935252,1.0055409888659403
6965,0.012851542327975859,-0.008731136714491331,0.9893196019607593
6974,0.0064535365565288405,-0.015638455464283656,1.0061548795860773
6983,0.003536848295089676,-0.00626894395619867,0.9925386711852333
6994,-0.0018541498866608075,-0.00787879610043245,1.001338961591778
7004,0.007347740541620285,-0.006300802143771673,1.0042917141649295
7015,-0.00011078077974843118,-0.001920012518279858,0.9877143165200241
7026,-0.0039008783640252505,0.0005687109683418685,0.9900023943254466
7037,0.0021919223655241394,0.010663303754619057,0.9904826651255877
7048,0.004324440071509885,-0.0010957137931278096,1.0008861054086504
7058,0.010049003304606187,0.0005572224893080102,0.9970284887551218
7069,0.0007482541514304059,0.0011734019234500978,0.9966367321754862
7078,-0.00091887546817159,0.00484997383907924,0.9882765223881796
7088,-0.0007312637625187798,-0.0016760503744963943,1.0070046807887851
7099,-0.00329181572413765,0.0009486365025959589,1.0035136728757919
7109,-0.008539415756579054,0.010212784712701357,0.982586448167451
7120,0.002638498204306022,-0.00590633453902115,0.990572753023336
7130,-0.0076212105171175794,0.0033592737929675556,0.9929370388999541
7140,0.002585840811346202,0.00320349809442494,0.9961316027173658
7149,-0.00492313650562482,0.006829483166132255,0.9971348419671974
7160,-0.014241276506978639,0.009095558262539251,1.0008649785522268
7171,-0.0056677710044973515,0.013220719653786104,0.9993237980108153
7181,-0.011304531861714305,0.0013132184379171276,1.0078550444584484
7191,-0.010326488945415508,0.007320800542676208,0.9899897267895682
7201,-0.013958180417489828,0.0047776618927574555,1.0064812704707107
7212,-0.009385233900748385,0.007251201700422939,1.0229735554153043
7222,-0.0038534584601938697,0.010450726615142744,1.0083698660044116
7233,-0.01073371245104874,0.01652829840246428,1.0000281526294112
7244,-0.013214660533542949,0.010125532925570079,0.9872025388336584
7254,-0.01115638186990999,0.018943064620661084,0.998508973351228
7265,-0.015450892020919805,0.021866507891051934,0.9893016714028081
7276,-0.02531908015142482,0.021888205979179433,0.9842949439199997
7287,-0.018482572212130118,0.01267565155295803,0.9889324466138548
7296,-0.012019939949305267,0.011749224973349057,0.9835157367091769
7306,-0.01885611095640824,0.011627377329021329,1.0116853352550503
7316,-0.009626285640249609,0.008851460479616389,1.0125068923917626
7326,-0.018325752119444448,0.013344116685615958,0.9812206477606278
7335,-0.023164070638740944,0.01875424250236791,0.9922527267052808
7344,-0.017106310424842713,0.01851926795538919,0.9826581825802733
7355,-0.009406894068334405,0.009804672786089996,0.9801851972166835
7366,-0.014774020641913656,0.014561200725337854,0.9771997311187214
7375,-0.02004263453660391,0.008630062758506462,1.007542877103265
7386,-0.015447138598254886,0.01579939358716102,1.0008642775794339
7397,-0.024403107698219875,0.013203264091884768,0.9897495869893649
7406,-0.02166909253869007,0.01277778732425227,0.9863769161213315
7416,-0.022388582471482205,0.018466604249465918,1.000893348359685
7426,-0.01642560853125176,0.017485542922653856,0.996805930517322
7436,-0.016003100314762885,0.014513900219207551,0.9949851974669203
7445,-0.027219388295934104,0.013159185986535378,0.9981364974239071
7456,-0.030079547295663013,0.01761225115018351,1.0027879935611168
7465,-0.017296664596502545,0.01677280022534031,0.9720876543500985
7476,-0.016810055421067605,0.01879353136804897,0.9807072163851499
7485,-0.025999199075728393,0.022892868123831903,1.0113621867763716
7495,-0.014851822364007148,0.022948388923272483,1.0056676272167835
7505,-0.024381877067126696,0.022694814002190027,1.0057731868803836
7515,-0.01580632358113524,0.022307010486383345,0.9906188037984839
7524,-0.015257676633743899,0.023562954436349585,0.9920629258833148
7535,-0.021386322878900788,0.01808656719327557,0.9971520491554452
7546,-0.016928756402838443,0.01773645959385551,1.0105282638613906
7557,-0.01791702028277867,0.014568173846432733,0.9964960793295925
7568,-0.018129633465386576,0.019131834981831262,0.9882502600744116
7578,-0.01735238897738399,0.02648537987265733,0.9898443054731128
7587,-0.014544125648080743,0.01703028328674428,0.9872049601080515
7596,-0.017946749421128286,0.018527553520795815,1.0090027988516823
7605,-0.011836066088653221,0.02110469513873331,1.0065066122152886
7616,-0.022065524161236093,0.01653939034573277,1.016263449564026
7626,-0.020528459043260165,0.028755457230876795,1.0072023515742463
7636,-0.010201977625768898,0.02474324256139627,0.9981298172993984
7647,-0.008652428368919846,0.021063859009561037,1.0121670211901725
7658,-0.0007227660836688111,0.012559009523749292,0.9968276391147928
7669,-0.01508503206342711,0.020268526844073795,0.9888150028075108
7678,-0.01023466277630538,0.01548617014663204,0.9983493008559177
7687,-0.012655286878572375,0.014243200618508738,0.9922503179006373
7698,-0.010007560643205068,0.024237661147789004,0.9971799133872481
7709,-0.011207655753954649,0.017399052451127262,0.9964146724874695
7718,-0.008731120847341243,0.013717772857551868,1.0113623132140388
7727,-0.013221100999059683,0.011689371299058494,0.9852873731425951
7737,-0.0074946745641128465,0.015089235178041262,0.9872111665382985
7746,-0.006400809239781329,0.02280484232030975,1.0064084042061439
7756,-0.005183024445046997,0.011197133510426314,0.9912451834063254
7765,-0.015232119135427803,0.008995640976654964,1.0001512679265148
7775,0.0025381378902636052,0.01947325782049542,0.9869890163227217
7784,0.0011496243569968203,0.019414801311956876,1.003842392673036
7794,-0.0023607697342672668,0.011614327286540238,0.9938338353765197
7804,0.002324976776957384,0.020674708742532362,1.0103273589329038
7815,0.0017155926451394863,0.013287202044368483,1.003277061389689
7826,0.0008865740826752462,0.008324272256401598,1.0035792348531454
7835,-0.005338912288920405,0.00904976375860201,1.006853028662475
7845,0.000345610165292673,0.0031335039450282667,0.9991694757293308
7856,-0.003226731772655777,0.009583129949955893,0.9948385350021438
7866,-0.0017776799243984258,0.007922623888847588,0.9920598022905509
7875,-0.00569558006070853,0.010134537992551852,1.00261589754192
7886,0.008019065106097453,0.003650626433227183,0.9960080730681947
7895,0.0015447790699661605,0.0002932677850102875,0.9736225604498043
7904,0.011487066134451832,0.011949667050876668,0.998564260481853
7914,-0.007173910198912231,0.008591726841773003,1.013166521651067
7923,0.0031489275418551633,-0.00124212841803117,1.0049916032128954
7933,0.010547151869824852,0.008862331734427782,1.0046101263665885
7944,0.014407329843989469,0.00999132874059452,1.0025716635947242
7955,0.001381487410554945,0.005337706494030934,1.0005360515526345
7964,0.003572221814989747,0.01084441631708364,0.9852688152236007
7975,0.008247779424011796,-0.0004963712940621841,0.9920640796988639
7984,0.005272880644643494,-0.0012492306588508775,0.982521808660587
7993,0.004355798035203515,-0.0031993364680891314,0.9847789793850303
8002,0.01892585026400765,0.00556785269340675,1.016413879300431
8011,0.008834658892191547,-0.004649261323196487,0.9964348944546297
8021,0.009655601788814243,0.007799453192245966,0.9904095236061388
8031,0.019605782455404473,-0.0017313652863401336,0.9908628203054376
8040,0.009249606294476583,0.002693731849210265,1.0147293047619383
8050,0.01655677519694062,-0.005325121415319209,0.9970390037010605
8060,0.01151572973796515,-0.0018840138469276254,1.0025330434431892
8070,0.016760207173199256,-0.006348213864940492,1.0148901283411216
8079,0.02209140572625882,0.003684058164034965,0.9851503540877428
8089,0.022906293949038852,-0.013286230893285015,0.9922348262660439
8099,0.01143284509820346,-0.00753544443332183,0.996060559224245
8110,0.017575423917414974,-0.0005956965967352538,0.9893514903561214
8121,0.01275725557682701,-0.006663164887436344,0.9776336541080501
8132,0.03219948041366336,-0.009323233033770606,1.0020175438102168
8141,0.018450922217591585,-0.0013403555564588162,0.9923320002966607
8152,0.017952674367169824,-0.007532934729376983,0.9903718553389227
8162,0.014852110454090614,-0.011654596704881722,0.9833773327482789
8173,0.0264982847570846,-0.014154911770793204,0.9981429122015234
8182,0.01277914022191726,-0.014018972649902274,0.9957590318371391
8191,0.009747802850274047,-0.011632731192556258,0.9990716560561073
8200,0.01928612423378955,-0.018573739016495085,1.013845521843423
8209,0.01922456258345742,-0.004511407972647296,0.9821566688931058
8218,0.026455025873022488,-0.014098254430567704,1.0083047736271233
8228,0.020351663851351662,-0.007864258387747127,0.9955329749250246
8239,0.01915481263914375,-0.004560733177116952,1.0105655898258732
8250,0.020775477632331216,-0.006753266402397763,0.9939832621768658
8260,0.024868450710805453,-0.017165397366429507,0.9889031024791709
8271,0.01177924558739376,-0.024746242770866157,0.9796555980373713
8281,0.02105132937506069,-0.01929791145792508,0.9903996390317213
8292,0.016878221991237615,-0.017851241852094454,0.9920078653857196
8303,0.021367763931245256,-0.01643315940321734,0.9896426839571322
8314,0.01859906124017549,-0.013730743588969736,1.0043433455569137
8323,0.025861715351577032,-0.01942803738912067,0.9986835316870774
8334,0.019420652567843397,-0.024802791219909224,1.0020970345122162
8344,0.007025879137823179,-0.015494245150846625,0.9854435714510087
8355,0.018702541973716725,-0.02261156227597801,1.0020600111295157
8365,0.021665102399324523,-0.018588691621097095,1.0024064723799027
8374,0.015050249908358047,-0.020713721340092302,0.9944331421772068
8385,0.021254846931619595,-0.015615750069291088,0.9998495002441826
8395,0.02240906356785352,-0.01846894878236391,0.999761202704718
8404,0.012823073917264198,-0.029632707783639137,0.9892630035616907
8414,0.009045579494232805,-0.014904870351638316,1.0014540351589414
8425,0.017500298757428378,-0.024856512916709657,0.9786724442452001
8435,0.030624476562749137,-0.013956640188927881,0.9942539355531188
8445,0.014301843766204622,-0.023974514573047216,1.003691651164552
8455,0.00989762702010389,-0.029956041135375186,0.993567744041425
8466,0.013285455861126899,-0.01871866906048684,1.0331079152862614
8477,0.008443162801858289,-0.024610125233365136,1.0178350862553958
8487,0.019712817866258496,-0.016960563742184735,1.0048350971262188
8497,0.020180974398739993,-0.02369017461892261,0.98399331615092
8508,0.014619267535290574,-0.014268931087105526,0.9779983454501712
8517,0.016451495360933845,-0.019228530837465518,1.0153130699159516
8528,0.017105711305413683,-0.016161474372520794,1.010130781769857
8537,-0.00020683103230263906,-0.015583578860306114,1.014968618226853
8548,0.0029259086560941387,-0.020774634842517847,1.0067559044290353
8557,0.00847425275025545,-0.017484996684004758,0.9867040175347245
8568,0.007853318304369453,-0.01860902725900282,1.0079076503658073
8578,0.005387491449149551,-0.018698542717235665,1.0140065739738273
8589,0.007040309247462309,-0.026799366960952038,0.9975924110052803
8599,0.0034253070981156274,-0.015415860076018594,0.9951738364159777
8608,-0.0035870104957373564,-0.024530837853654397,0.9994479053529506
8619,0.008500181621029517,-0.018968566222305527,1.0191359092324295
8630,-0.001419303801623497,-0.021011520983738128,1.0061805441171061
8640,-0.002999402527077961,-0.017253733781330254,1.0029472172768685
8700,-0.012603808413937476,-0.02199928545811727,0.9955055483093794
8709,-0.004223879852080005,-0.020174325847162857,1.015834005386202
8719,-0.013504106986123181,-0.01005449257377564,1.0058063529241805
8728,-0.0077186623572277875,-0.023727028953158355,0.9949902161999273
8738,-0.0006554572080174903,-0.004107011791575424,0.9904944215671398
8749,-0.0109909893444802,-0.009527078041001492,0.9986874895064064
8758,-0.0058356125165791185,-0.016579251239009454,1.00435951136866
8769,0.00047651392403673387,-0.014718406140189134,0.9888119719283255
8780,-0.02712162021019693,-0.009817766115916445,0.9840202663439914
8791,-0.008771844828945023,-0.01302179324786828,0.9935037584210249
8802,-0.007937961669504097,-0.012781202034934904,1.0296129327288843
8812,-0.018341229446921195,-0.010199578078533904,1.0055144500584359
8823,-0.013255373651583685,-0.01611492479398677,0.9941599322714175
8832,-0.006531283981488321,-0.007139771548616504,1.0058354866805341
8842,-0.017153387850727606,-0.006649199654109901,0.9981439168983332
8853,-0.02172039912264538,-0.013954067463860603,1.019107548907264
8863,-0.015457280254998042,-0.013681380268248448,0.9900494577618272
8874,-0.010157009467376235,-0.010793165678344435,1.0226936490223304
8883,-0.02069741717137246,-0.0009055297687688936,1.0092405999688225
8894,-0.017881491580028993,-0.0072175787624099395,1.0073331236848044
8905,-0.012098867281255657,-0.00886202143801067,1.0003372842250853
8916,-0.01959254626567288,-0.006143450401181239,1.0084830028086291
8925,-0.02424608940654377,-0.0007515676360458296,1.009776349565027
8936,-0.009976659901506004,-0.0042298065367161256,1.0034332371372394
8945,-0.021225788181754607,0.0014209693410296407,1.0038648677918387
8954,-0.02922631567164394,0.00026591419272675845,0.98606919644868
8965,-0.014131021731870587,-0.0015933672474897592,0.9856569037054992
8974,-0.01694407306451133,-0.001259220546998135,1.013608415255601
8985,-0.018323306498792987,-0.003522531408495453,0.993800183657867
8996,-0.013830530357141721,0.009327994813786804,1.0036641312686096
9005,-0.01744416498743917,0.006697759030009746,1.0133629713861765
9014,-0.0105214879773082,0.0024014165563780755,0.994793951870935
9023,-0.013455190088419597,0.004333783767246675,0.9910476137637145
9034,-0.02187362686576948,0.009489898051436343,0.9913057353158602
9043,-0.024836778862942447,0.009195657995456172,1.0067628797967227
9054,-0.025624919713177277,0.004871811597079832,0.9949632668408596
9065,-0.02429841015084551,-0.000508936598826404,0.9969618450391924
9075,-0.017487493063407782,0.006269878193868446,0.9918537960467874
9085,-0.02233012894733414,0.011956730612862882,0.9948743551478179
9095,-0.018671057816478154,0.01105391519687343,1.0087955383917864
9105,-0.017659886958273398,0.013782703691598817,0.9810705315361294
9114,-0.020056796641530567,0.005032916911317114,0.9988179257642805
9124,-0.0171560035759313,0.009241844012627957,0.9984966463721802
9134,-0.014201053741967614,0.01823152355588842,1.012928862129363
9145,-0.015068701534344218,0.013672089776415167,0.9801486956093559
9156,-0.01751022347789866,0.010345676578391146,0.9813191522294465
9167,-0.02726078117578385,0.00846626555630048,1.005923265572352
9177,-0.014575749608342672,0.009888509574497578,0.9896063194312175
9187,-0.018498750332532586,0.020840190703359292,0.9966325629358203
9196,-0.02347241406411901,0.014849724785552123,1.000166275044617
9205,-0.01925617139540137,0.0121104873118889,0.989376873161075
9216,-0.012817054102454005,0.01095432316703359,0.9997989054031946
9225,-0.018685645059439447,0.02502133019084998,1.0039350743604771
9235,-0.009806215877828515,0.017381152350715627,0.9974309509160767
9244,-0.015694588466812643,0.014719017876543897,0.9961589127676976
9254,-0.01563686912864027,0.009830522061710256,1.01085603539677
9265,-0.013633072013897745,0.02574658613553727,0.9808307847899984
9276,-0.01062884420160376,0.020768348556121297,1.0110023351028632
9287,-0.012287396733008481,0.010358969895212983,1.0033717139556013
9296,-0.0047875884346543175,0.015540629851294445,0.9964194048598268
9307,-0.02218616246160862,0.016560546047834652,1.004003018614295
9316,-0.006707002919594958,0.01652958713441816,1.0007590079498874
9327,-0.007425391822705806,0.01652140176652993,1.0114275126145593
9336,-0.005349958478436791,0.013346951214541446,1.0046872159310638
9347,-0.0038744471148580563,0.019476888505407235,1.0096681942105603
9358,-0.0065780588216755986,0.02125889268127524,1.0135135301474232
9367,0.0007640683193740555,0.01275147805812883,0.9910055271871506
9376,-0.011678999878757972,0.018306918688767104,1.0059854018290524
9387,-0.00018671165357054447,0.02185799808289099,0.984320000266178
9397,-0.003318946396771455,0.0178015575398524,1.0143211894575446
9407,0.009544022318281331,0.029371180457843322,1.0034485186754971
9418,-0.0024478733679994657,0.027766611972963724,1.010143888581403
9429,-0.004854251464464237,0.03264328085123305,0.9880733994257666
9438,0.007653268816358897,0.01166999189633957,1.0076539129118556
9449,-0.00041917794855846654,0.02005848025681169,0.9864365112649252
9459,-0.0019353341938848161,0.006904226686580929,0.9988637625639039
9468,-0.00011246490802404576,0.02549932428729685,1.0051093385934915
9478,0.005017862948923105,0.011201506952631503,0.9860223310928239
9488,-0.0017156362410560263,0.020586084615385518,0.9905009624188749
9497,0.009868403368816694,0.02344917700502077,1.0028721029460008
9506,0.00521980880329176,0.019285108429401874,1.0058699753028983
9517,0.008852171229835329,0.020197591034043616,1.0001727820736674
9528,0.002097817188359951,0.018906017176951697,0.9824336165592736
9537,0.018960562155421856,0.018016224267358022,1.0080130578940092
9546,0.015564176708620293,0.01969671831016436,1.0054313073603582
9555,0.008054604570426628,0.022731654404342994,1.0011404743773225
9566,0.005597744051499653,0.015333462159789368,1.0072478239972549
9576,0.00791278825301717,0.014385731451451101,1.0087050841907659
9586,0.007231182984243449,0.023873851715480718,1.02076898782786
9596,0.017797357291917427,0.016569395536276305,1.0070177423967768
9605,0.014757377799002037,0.015515997218007716,0.9969302819660742
9615,0.010922189041501178,0.011728560366125605,0.9895878710505971
9624,0.01915450790265055,0.015314733585950849,0.9899386901051191
9635,0.016507270828491034,0.020923203563027442,1.005588177031674
9645,0.01754628402575627,0.021628309237219846,1.0039052373771722
9655,0.03188680831406478,0.019308887169920852,0.9941576297627304
9666,0.02019208919618015,0.016416523439583684,1.0163925518835342
9675,0.014380842965320577,0.009984276763399589,1.003552916095006
9685,0.01720924432222228,0.01895411110398047,0.9940410447877361
9696,0.02195034045600566,0.007387545547408297,1.0059021607308625
9707,0.011321160977028847,0.010374659967625214,1.001278058191185
9718,0.02013752867604086,0.016489133662988625,1.0010013266373097
9728,0.01479573873076887,0.019178143019787968,1.0062015656693106
9739,0.023081685306284946,0.016444547378416736,1.0006424877361302
9749,0.013010749591678895,0.010843788934427386,0.9867167132744245
9758,0.028118214536831027,0.010487600774699898,0.9978038506976505
9769,0.01862640180497024,0.008306144273904437,1.002660561233712
9779,0.025710619082130657,0.0030970406868206088,1.0075734595228634
9788,0.02607170595079978,0.012312671095121009,1.0110867619130062
9799,0.019827368895654354,0.016744984518343817,1.000382259415059
9810,0.01926582826076056,-0.0033675437533316538,0.9991114885233977
9819,0.025283822374927704,0.004067596456564617,0.999639019197318
9828,0.01785220993757671,0.009294269545663958,0.9894544840650976
9838,0.015202790567611767,0.00458610754540962,0.994853286554584
9849,0.013610875097933028,-0.007005810833956863,0.9935784988792936
9859,0.01473551049979306,-0.0034890002144401565,1.0124760175784329
9869,0.01119391135563135,0.00887032753327093,0.9783871555757504
9878,0.016509056143654794,0.010668398330213527,1.0057469103688628
9889,0.018095349474923642,0.001196835275367177,1.0124370265681117
9899,0.022972356566076598,-0.0022029041967873255,0.9802167443314813
9909,0.014021948052462065,-0.0010505530537595123,0.9853196632625543
9918,0.018943168006280882,-0.008604528979060106,1.0043777181737463
9927,0.015107581385022507,-0.005192615692075901,1.005096046727181
9938,0.01852084200321565,-0.012444409142685946,0.9930322479122653
9949,0.01935825268090509,-0.0012178686051498105,0.992569625604147
9959,0.021123140638919666,0.005133919875220175,1.0195320070293437
9970,0.012164019916881805,-0.010484499200670763,1.0225351287435087
9979,0.022568931137069564,-0.0033273831092875466,0.9954083978570132
9990,0.021317841203466796,-0.0008104598549596121,0.9793647212223069
9999,0.015493407610534278,-0.0034051165581762016,1.0172814126838703
10009,0.021146029180726084,-0.00016692818105698212,0.9735693881760054
10019,0.01760317473666897,6.063263783103595e-05,1.0268860706372462
10028,0.008133401858841954,-0.0029714126714908955,0.9986090706098184
10039,0.009886457950759544,-0.007102798090795251,0.992195727034928
10050,0.016150811331619223,-0.008197467587757029,1.0020785116469177
10061,0.008948690661297104,-0.01927067466439411,1.011844628981429
10072,0.001463053813400379,-0.0015561932690266404,0.9877314950587691
10082,0.01172526217240604,-0.01346588046882229,0.9949529926091516
10091,0.015003927952653146,-0.012894178882825298,1.0080093176113993
10101,0.002036019230301534,-0.018142787723190577,0.9992518731550594
10111,0.007973372993808268,-0.015989721467085685,1.0088277128429872
10120,0.010053893745033352,-0.012513940884150431,0.9941275976910453
10130,0.010846358521339403,-0.012874578145760884,0.9970661444795527
10139,0.0071979171764074545,-0.012931032429367943,1.004268225038513
10149,-0.0019557294413069396,-0.01779113758911565,1.0082540175146275
10158,0.0024139258370683226,-0.014326393295896255,1.0017202491312558
10169,0.005812170899538976,-0.016087816681781435,0.9838779260180783
10178,0.010794425629999582,-0.011555587642105325,0.9940778824106546
10187,0.0011348412509038777,-0.015182407941150082,0.9921039662548475
10198,0.007832712672193928,-0.009658620040502183,1.0025962050335084
